{"Conditions":[{"Code":"riskassementy","Condition":"[RISKASSESSMENTY]"},{"Code":"regionewa","Condition":"[RISKASSESSMENTY] AND [REGIONEWA]"},{"Code":"regionsa","Condition":"[REGIONSA]"},{"Code":"region","Condition":"[REGIONEWA] OR [REGIONSA]"},{"Code":"elderpresenty","Condition":"[ELDERPRESENTY]"},{"Code":"permissiony","Condition":"[PERMISSIONY]"},{"Code":"permissionn","Condition":"NOT [PERMISSIONY]"},{"Code":"equipmenty","Condition":"[EQUIPMENTY]"}],"Filters":[{"Code":"regionewa","Description":null,"FromValue":"eaw","LinkQuestionCode":"region","LinkQuestionTreeCode":"riskassessment","ToValue":"eaw"},{"Code":"regionsa","Description":null,"FromValue":"sct","LinkQuestionCode":"region","LinkQuestionTreeCode":"riskassessment","ToValue":"sct"},{"Code":"riskassementy","Description":null,"FromValue":"yes","LinkQuestionCode":"riskassementyn","LinkQuestionTreeCode":"riskassessment","ToValue":"yes"},{"Code":"elderpresenty","Description":null,"FromValue":"yes","LinkQuestionCode":"elderpresent","LinkQuestionTreeCode":"riskassessment","ToValue":"yes"},{"Code":"permissiony","Description":null,"FromValue":"yes","LinkQuestionCode":"permissionyn","LinkQuestionTreeCode":"plumbing","ToValue":"yes"},{"Code":"equipmenty","Description":null,"FromValue":"yes","LinkQuestionCode":"equipment","LinkQuestionTreeCode":"plumbing","ToValue":"yes"}],"LookupGroups":[{"Code":"region","Lookups":[{"Code":"EAW","Description":"England & Wales","FilterConditionCode":"","Tooltip":"England & Wales"},{"Code":"SCT","Description":"Scotland","FilterConditionCode":"","Tooltip":"Scotland"}]},{"Code":"builtyear","Lookups":[{"Code":"EAW-A","Description":"before 1900","FilterConditionCode":"regionewa","Tooltip":""},{"Code":"EAW-B","Description":"1900-1929","FilterConditionCode":"regionewa","Tooltip":""},{"Code":"EAW-C","Description":"1930-1949","FilterConditionCode":"regionewa","Tooltip":""},{"Code":"EAW-D","Description":"1950-1966","FilterConditionCode":"regionewa","Tooltip":""},{"Code":"EAW-E","Description":"1967-1975","FilterConditionCode":"regionewa","Tooltip":""},{"Code":"EAW-F","Description":"1976-1982","FilterConditionCode":"regionewa","Tooltip":""},{"Code":"EAW-G","Description":"1983-1990","FilterConditionCode":"regionewa","Tooltip":""},{"Code":"EAW-H","Description":"1991-1995","FilterConditionCode":"regionewa","Tooltip":""},{"Code":"EAW-I","Description":"1996-2002","FilterConditionCode":"regionewa","Tooltip":""},{"Code":"EAW-J","Description":"2003-2006","FilterConditionCode":"regionewa","Tooltip":""},{"Code":"EAW-K","Description":"2007 onwards","FilterConditionCode":"regionewa","Tooltip":""},{"Code":"SCT-A","Description":"before 1919","FilterConditionCode":"regionsa","Tooltip":""},{"Code":"SCT-B","Description":"1919-1929","FilterConditionCode":"regionsa","Tooltip":""},{"Code":"SCT-C","Description":"1930-1949","FilterConditionCode":"regionsa","Tooltip":""},{"Code":"SCT-D","Description":"1950-1964","FilterConditionCode":"regionsa","Tooltip":""},{"Code":"SCT-E","Description":"1965-1975","FilterConditionCode":"regionsa","Tooltip":""},{"Code":"SCT-F","Description":"1976-1983","FilterConditionCode":"regionsa","Tooltip":""},{"Code":"SCT-G","Description":"1984-1991","FilterConditionCode":"regionsa","Tooltip":""},{"Code":"SCT-H","Description":"1992-1998","FilterConditionCode":"regionsa","Tooltip":""},{"Code":"SCT-I","Description":"1999-2002","FilterConditionCode":"regionsa","Tooltip":""},{"Code":"SCT-J","Description":"2003-2007","FilterConditionCode":"regionsa","Tooltip":""},{"Code":"SCT-K","Description":"2008 onwards","FilterConditionCode":"regionsa","Tooltip":""}]}],"QuestionTrees":[{"Code":"riskassessment","Description":"Risk Assessment","Groups":[{"Code":"Property","Description":"Property"},{"Code":"Customer","Description":"Customer"}],"Questions":[{"Code":"riskassementyn","Description":"Does the customer want a Risk Assessment","FilterConditionCode":"","GroupCode":"property","LookupGroupCode":"","Mandatory":true,"MaxValue":"","MinValue":"","NotesRequired":false,"QuestionDataType":5,"Tooltip":""},{"Code":"floorarea","Description":"Average floor area of property(m2)","FilterConditionCode":"riskassementy","GroupCode":"property","LookupGroupCode":"","Mandatory":true,"MaxValue":"250","MinValue":"1","NotesRequired":true,"QuestionDataType":3,"Tooltip":""},{"Code":"region","Description":"Region of the property","FilterConditionCode":"riskassementy","GroupCode":"property","LookupGroupCode":"region","Mandatory":false,"MaxValue":"","MinValue":"","NotesRequired":false,"QuestionDataType":4,"Tooltip":""},{"Code":"yearbuilt","Description":"When was your property built","FilterConditionCode":"region","GroupCode":"property","LookupGroupCode":"builtyear","Mandatory":false,"MaxValue":"","MinValue":"","NotesRequired":false,"QuestionDataType":4,"Tooltip":""},{"Code":"plan","Description":"Provide a plan of the property","FilterConditionCode":"riskassementy","GroupCode":"property","LookupGroupCode":"","Mandatory":false,"MaxValue":"","MinValue":"","NotesRequired":false,"QuestionDataType":6,"Tooltip":""},{"Code":"frontplan","Description":"Please provide drawing for the front of the property","FilterConditionCode":"riskassementy","GroupCode":"property","LookupGroupCode":"","Mandatory":false,"MaxValue":"","MinValue":"","NotesRequired":false,"QuestionDataType":7,"Tooltip":""},{"Code":"elderpresent","Description":"Will an elderly or infirm person be present during the works?","FilterConditionCode":"riskassementy","GroupCode":"customer","LookupGroupCode":"","Mandatory":true,"MaxValue":"","MinValue":"","NotesRequired":false,"QuestionDataType":5,"Tooltip":""},{"Code":"eldernotes","Description":"Please provide details","FilterConditionCode":"elderpresenty","GroupCode":"customer","LookupGroupCode":"","Mandatory":true,"MaxValue":"","MinValue":"","NotesRequired":false,"QuestionDataType":1,"Tooltip":""},{"Code":"noofpeople","Description":"How many people(adults and children) line in your home","FilterConditionCode":"elderpresenty","GroupCode":"customer","LookupGroupCode":"","Mandatory":false,"MaxValue":"","MinValue":"","NotesRequired":false,"QuestionDataType":2,"Tooltip":""},{"Code":"sign","Description":"Please provide a signature","FilterConditionCode":"riskassementy","GroupCode":"","LookupGroupCode":"","Mandatory":true,"MaxValue":"","MinValue":"","NotesRequired":false,"QuestionDataType":8,"Tooltip":""},{"Code":"signdatetime","Description":"Please provide date and time","FilterConditionCode":"riskassementy","GroupCode":"","LookupGroupCode":"","Mandatory":true,"MaxValue":"","MinValue":"","NotesRequired":false,"QuestionDataType":10,"Tooltip":""}]},{"Code":"Plumbing","Description":"Plumbing","Groups":[{"Code":"Access","Description":"Access"}],"Questions":[{"Code":"permissionyn","Description":"Has Permission been granted?","FilterConditionCode":"riskassementy","GroupCode":"access","LookupGroupCode":"","Mandatory":true,"MaxValue":"","MinValue":"","NotesRequired":false,"QuestionDataType":5,"Tooltip":""},{"Code":"rejectdetails","Description":"Please provide reject details","FilterConditionCode":"permissionn","GroupCode":"access","LookupGroupCode":"","Mandatory":true,"MaxValue":"","MinValue":"","NotesRequired":false,"QuestionDataType":1,"Tooltip":""},{"Code":"permissiondate","Description":"Please Provide Permission Date","FilterConditionCode":"permission","GroupCode":"access","LookupGroupCode":"","Mandatory":true,"MaxValue":"","MinValue":"","NotesRequired":false,"QuestionDataType":9,"Tooltip":""},{"Code":"equipment","Description":"Is specialist access equipment required","FilterConditionCode":"permissiony","GroupCode":"access","LookupGroupCode":"","Mandatory":true,"MaxValue":"","MinValue":"","NotesRequired":false,"QuestionDataType":5,"Tooltip":""},{"Code":"equipdetails","Description":"Please provide details","FilterConditionCode":"equipmenty","GroupCode":"access","LookupGroupCode":"","Mandatory":true,"MaxValue":"","MinValue":"","NotesRequired":false,"QuestionDataType":1,"Tooltip":""},{"Code":"equipdate","Description":"Please provide date","FilterConditionCode":"equipmenty","GroupCode":"access","LookupGroupCode":"","Mandatory":true,"MaxValue":"","MinValue":"","NotesRequired":false,"QuestionDataType":9,"Tooltip":""}]}]}