<Modules>
  <Module PersistentId="FCB33F27-C7C7-40AD-A117-DB7735097ECF" ModuleId="Pelican.TestExtensions" />
  <Module PersistentId="0F10E934-4023-4810-AE70-B242D4E9B933" ModuleId="Pelican.QuestionTree.Fixtures" />
  <Module PersistentId="1A0A51A9-9AEA-4D4B-9A22-CBDA296FE548" ModuleId="Pelican.QuestionTree.Model" />
  <Module PersistentId="5D307084-B36F-4DE3-B6DC-4D4CAFBA715B" ModuleId="Pelican.QuestionTree" />
  <Module PersistentId="7161C278-66C1-4F38-A5D7-8AE98EDBB7CD" ModuleId="Pelican.Common" />
  <Module PersistentId="194CE4D1-40AA-467A-B42E-0ED5D3809797" ModuleId="Pelican.SyncApi" />
  <Module PersistentId="E0BF16F2-0158-4DFF-A68A-82C9E0DAFF66" ModuleId="Pelican.SimpleQueueFixtures" />
  <Module PersistentId="C4043747-1297-40D6-8193-1E0903F03D52" ModuleId="Pelican.SimpleQueues" />
  <Module PersistentId="DAA1D6F9-E7FB-44BA-B210-AAFCAE71D519" ModuleId="Pelican.SyncRestService" />
  <Module PersistentId="EFB3EF4C-D161-4224-A4F1-F5A24F54DC31" ModuleId="Pelican.Model" />
  <Module PersistentId="System.Data.SqlServerCe, Version=4.0.0.1, Culture=neutral, PublicKeyToken=89845dcd8080cc91" ModuleId="System.Data.SqlServerCe" />
  <Module PersistentId="System.Data.SqlServerCe, Version=4.0.0.0, Culture=neutral, PublicKeyToken=89845dcd8080cc91" ModuleId="System.Data.SqlServerCe_1" />
  <Module PersistentId="nunit.framework, Version=2.5.7.10213, Culture=neutral, PublicKeyToken=96d09a1eb7f44a77" ModuleId="nunit.framework" />
</Modules>