<?xml version="1.0"?>
<doc>
    <assembly>
        <name>OpenBastard.TestRunner</name>
    </assembly>
    <members>
        <member name="M:OpenRasta.Testing.SpecExtensions.ShouldBeEquivalentTo``1(``0,``0)">
            <summary>
            Tests that two objects have the same public properties.
            </summary>
            <typeparam name="T"></typeparam>
            <param name="actual"></param>
            <param name="expected"></param>
        </member>
        <member name="M:OpenBastard.Environments.IEnvironment.CreateRequest(System.String)">
            <summary>
            Creates a request object that can be used to configure the http request issued by the test runner
            </summary>
            <returns></returns>
        </member>
        <member name="M:OpenBastard.Environments.IEnvironment.ExecuteRequest(IClientRequest)">
            <summary>
            Returns the response object that the test runner got after executing a request.
            </summary>
            <param name="request"></param>
            <returns></returns>
        </member>
        <member name="M:OpenBastard.Environments.IEnvironment.Initialize">
            <summary>
            Initializes the environment for starting a test fixture
            </summary>
        </member>
        <member name="P:OpenBastard.Environments.IEnvironment.Name">
            <summary>
            Gets the name of the environment.
            </summary>
        </member>
        <member name="T:OpenBastard.IisConfigFiles">
            <summary>
              A strongly-typed resource class, for looking up localized strings, etc.
            </summary>
        </member>
        <member name="P:OpenBastard.IisConfigFiles.ResourceManager">
            <summary>
              Returns the cached ResourceManager instance used by this class.
            </summary>
        </member>
        <member name="P:OpenBastard.IisConfigFiles.Culture">
            <summary>
              Overrides the current thread's CurrentUICulture property for all
              resource lookups using this strongly typed resource class.
            </summary>
        </member>
        <member name="P:OpenBastard.IisConfigFiles.iis7config">
             <summary>
               Looks up a localized string similar to &lt;?xml version=&quot;1.0&quot; encoding=&quot;UTF-8&quot;?&gt;
            &lt;!--
            
                IIS configuration sections.
            
                For schema documentation, see
                %windir%\system32\inetsrv\config\schema\IIS_schema.xml.
                
                Please make a backup of this file before making any changes to it.
            
            --&gt;
            
            &lt;configuration&gt;
            
              &lt;!--
            
                    The &lt;configSections&gt; section controls the registration of sections.
                    Section is the basic unit of deployment, locking, searching and
                    containment for configuration settings.
                    
                     [rest of string was truncated]&quot;;.
             </summary>
        </member>
        <member name="P:OpenBastard.IisConfigFiles.webconfig">
             <summary>
               Looks up a localized string similar to &lt;?xml version=&quot;1.0&quot; encoding=&quot;UTF-8&quot;?&gt;
            &lt;configuration&gt;
              &lt;configSections&gt;
              &lt;/configSections&gt;
              &lt;appSettings /&gt;
            
              &lt;system.web&gt;
                &lt;!-- 
                        Set compilation debug=&quot;true&quot; to insert debugging 
                        symbols into the compiled page. Because this 
                        affects performance, set this value to true only 
                        during development.
                    --&gt;
                &lt;compilation debug=&quot;true&quot; numRecompilesBeforeAppRestart=&quot;1&quot; &gt;
                  &lt;assemblies&gt;
                    &lt;add assembly=&quot;System.Core, Version=3.5. [rest of string was truncated]&quot;;.
             </summary>
        </member>
        <member name="T:OpenBastard.Scenarios.accessing_the_homepage">
            <summary>
            As a user-agent, I want to access the homepage so I can get links to various parts of the application
            </summary>
        </member>
    </members>
</doc>
